{"cameraMode":{"drawMode":0,"name":"Shaded","section":"Shading Mode"},"sceneLighting":true,"audioPlay":false,"sceneViewState":{"m_AlwaysRefresh":false,"showFog":true,"showSkybox":true,"showFlares":true,"showImageEffects":true,"showParticleSystems":true,"showVisualEffectGraphs":true,"m_FxEnabled":true},"in2DMode":false,"pivot":{"x":-0.8775204420089722,"y":0.9433714151382446,"z":-1.414595127105713},"rotation":{"x":0.13309849798679353,"y":-0.008919789455831051,"z":0.00119791051838547,"w":0.9910621643066406},"size":5.037203311920166,"orthographic":true}