{"cameraMode":{"drawMode":0,"name":"Shaded","section":"Shading Mode"},"sceneLighting":true,"audioPlay":false,"sceneViewState":{"m_AlwaysRefresh":false,"showFog":true,"showSkybox":true,"showFlares":true,"showImageEffects":true,"showParticleSystems":true,"showVisualEffectGraphs":true,"m_FxEnabled":true},"in2DMode":false,"pivot":{"x":-0.028315067291259767,"y":1.2057968378067017,"z":-2.195079803466797},"rotation":{"x":-0.16965895891189576,"y":-0.23261655867099763,"z":-0.04124905541539192,"w":0.9567708373069763},"size":5.438897609710693,"orthographic":false}